Price,Close,High,Low,Open,Volume
Ticker,NEM.AX,NEM.AX,NEM.AX,NEM.AX,NEM.AX
Date,,,,,
2023-10-27,57.69552993774414,58.42278451679133,57.57917024081885,57.92825303060279,556835
2023-10-30,59.479732513427734,61.438472105959605,58.71369007743099,58.93671438809934,311055
2023-10-31,58.57793045043945,61.06998911227229,58.20945377115834,58.694290144262126,796363
2023-11-01,57.210693359375,58.94640850329424,57.17190556086095,58.94640850329424,393769
2023-11-02,56.48344039916992,56.8713109973941,56.10526860035584,56.51252939938388,2200549
2023-11-03,57.15251159667969,57.64704677965193,56.725856910533956,57.462806586423504,324292
2023-11-06,57.69552993774414,58.490661314915094,57.69552993774414,58.46157231543579,3448964
2023-11-07,56.86161422729492,57.51129694765545,55.3683171795488,55.65922198810299,4851495
2023-11-08,54.21440505981445,55.4652838355755,54.15622336128786,54.71863535002065,2772875
2023-11-09,51.896888732910156,52.23627273352288,51.51871693251078,51.528412032953355,3845828
2023-11-10,51.644771575927734,51.887189775343295,51.004787677430976,51.87749467493027,1686898
2023-11-13,52.01324462890625,52.01324462890625,51.21811328647839,51.40234977347727,1108532
2023-11-14,52.3332405090332,52.3332405090332,51.85809922481926,52.071428417610186,727011
2023-11-15,53.933197021484375,54.36955049637664,53.49684354659212,53.67138493654902,1149268
2023-11-16,54.03986740112305,54.224103910688555,53.77805528815625,54.12713810544531,604843
2023-11-17,54.70893859863281,54.96105560267723,54.44713019298335,54.505308194679564,742269
2023-11-20,53.84593200683594,54.11259351934749,53.782904603427916,53.86532590765572,823683
2023-11-21,54.33076095581055,54.4374255461409,53.622900318809286,53.99137698567564,741615
2023-11-22,55.484676361083984,55.7270945504295,55.058017980470744,55.36831296691236,1219999
2023-11-23,55.222869873046875,55.6786135999095,55.222869873046875,55.59134659394277,929034
2023-11-24,55.36831283569336,55.70770051937757,55.28104213977548,55.698001720382244,188748
2023-11-27,55.23255920410156,55.33922379892924,54.81559962377956,55.33922379892924,749660
2023-11-28,55.55255126953125,56.27010701415437,55.55255126953125,55.785270651946576,1064766
2023-11-29,58.996612548828125,59.77802387061422,58.84033028447091,59.69988087540406,1850904
2023-11-30,58.820796966552734,59.5631368214124,58.820796966552734,59.4263903002064,2142215
2023-12-01,59.3677864074707,59.690120705160794,59.152900601740775,59.22127386620895,816829
2023-12-04,61.086891174316406,61.52643622119243,59.856165043063555,59.92453830301502,863871
2023-12-05,59.46546173095703,59.95384429245226,59.30917946032108,59.48499748054443,998729
2023-12-06,58.72311782836914,59.27010763562239,57.648677689405986,57.648677689405986,1824771
2023-12-07,59.23102951049805,59.39708149947112,58.840325742793596,59.19195801590876,1188647
2023-12-08,58.31288146972656,58.77195856649793,58.31288146972656,58.41055649642768,876260
2023-12-11,57.62914276123047,58.2835736108561,57.51193198874263,57.97100906684636,954580
2023-12-12,57.7072868347168,57.99054589633113,57.48262757134253,57.60960808410552,740877
2023-12-13,56.085853576660156,56.271441341336924,55.75375700000357,55.90026953804676,609753
2023-12-14,58.518001556396484,59.0942931593901,58.518001556396484,58.625446321947344,2447627
2023-12-15,59.77802658081055,60.09059112369594,59.68034783236933,59.69988358205757,2707741
2023-12-18,59.39708709716797,59.63150863467042,59.15289582206607,59.445924606975716,521914
2023-12-19,59.563140869140625,59.846403668638864,59.4850015914542,59.563140869140625,387165
2023-12-20,60.55942916870117,60.59850066241991,60.0710466754052,60.246864671076764,1298411
2023-12-21,59.611976623535156,59.992914440410914,59.36778533312111,59.992914440410914,842872
2023-12-22,59.436153411865234,59.641276909728724,59.33847839464495,59.59243567505552,232226
2023-12-27,59.68034362792969,60.041749382606525,59.63150612018128,60.01244389710708,285573
2023-12-28,60.90130615234375,60.91107589052589,60.19803777182797,60.56920584935508,356889
2023-12-29,59.32872009277344,59.778031192073016,59.28964859038298,59.7487257022484,393294
2024-01-02,59.123592376708984,59.504530182850594,58.654745559452905,58.68405104719992,515584
2024-01-03,58.77195358276367,59.09428785045829,58.60590530623962,58.60590530623962,394818
2024-01-04,57.59006881713867,57.95147458323546,57.531465296413984,57.72681533358043,490142
2024-01-05,58.2151985168457,58.37148078393008,58.16636100701868,58.205432505305566,317807
2024-01-08,58.117523193359375,58.52776274503749,58.10775718187029,58.28357147111581,362221
2024-01-09,58.41054916381836,58.53752966343997,58.16635790165686,58.21519540887657,396945
2024-01-10,55.86119079589844,56.75004682529491,55.86119079589844,56.75004682529491,673923
2024-01-11,54.64023971557617,55.59746909032595,54.64023971557617,55.187229526603154,762147
2024-01-12,54.2104606628418,54.943034455582904,54.181158903472316,54.181158903472316,712118
2024-01-15,54.69884490966797,55.29467220931838,54.513260884392885,55.187227453504285,102559
2024-01-16,54.913734436035156,55.10908447277163,54.630471666278915,54.943036196333004,400448
2024-01-17,52.13972091674805,53.62440428271496,52.061577921983066,53.52672553925874,2092184
2024-01-18,51.70017623901367,52.02250677946023,51.475520716626534,51.57319573468595,930524
2024-01-19,51.37784194946289,51.81738698265934,51.22155968500005,51.690406478388574,741948
2024-01-22,51.045745849609375,51.51459640743451,50.94807082359946,51.387615892770896,818178
2024-01-23,51.836917877197266,52.25692712224613,51.67086961690772,52.22762536479804,584030
2024-01-24,52.41321563720703,52.657406914630855,52.01274209127448,52.227631607747675,713553
2024-01-25,51.28993606567383,51.52436133967291,51.02621275576194,51.397380827670766,827402
2024-01-29,51.17272186279297,51.524357887197965,50.615966066172746,51.28993262890694,625205
2024-01-30,51.34854507446289,51.53412911677387,51.03598051580048,51.358314812831786,772625
2024-01-31,51.495059967041016,51.55366349143638,50.98714164125551,51.38761520423171,868754
2024-02-01,52.13972091674805,52.13972091674805,51.5243578741946,51.99320466459525,1099687
2024-02-02,53.565799713134766,53.87836425568628,52.91136514049905,52.94067062803175,1746865
2024-02-05,51.065277099609375,51.95413317179245,50.99690384221553,51.91506540046959,1063802
2024-02-06,50.46944808959961,50.53782507073153,50.08851031819734,50.44991606763386,678733
2024-02-07,50.44991683959961,50.72340986406039,50.43038109127198,50.576893614634685,1487052
2024-02-08,50.06897735595703,50.5573599056588,49.824786081106154,50.44991887461746,634439
2024-02-09,49.79548645019531,50.0982849853437,49.71734717645389,49.82478821209043,758298
2024-02-12,49.180118560791016,49.316868797082506,48.95546304740656,49.316868797082506,919630
2024-02-13,50.176422119140625,50.3327043860216,49.71734505608829,49.71734505608829,499292
2024-02-14,48.59406280517578,48.75034506917503,48.23266076831435,48.71127357165945,793449
2024-02-15,48.50615310668945,48.90662663535233,48.154517086192676,48.154517086192676,1290224
2024-02-16,49.33639907836914,49.79547982599301,49.23872406767006,49.76617806799585,624703
2024-02-19,49.72711181640625,50.16665686302239,49.50245628726094,49.76618331523062,430826
2024-02-20,49.707576751708984,49.98106979512048,49.42431397042521,49.76618400075285,382211
2024-02-21,49.38524627685547,49.67827507042133,49.004304746550254,49.67827507042133,619498
2024-02-22,49.570823669433594,49.6978041625248,49.11174292783964,49.63919692123745,464096
2024-02-23,45.53678894042969,46.64053457149256,45.53678894042969,46.572161311043494,1737328
2024-02-26,46.39634704589844,47.00194042719974,46.21076299909772,46.35727554360454,567916
2024-02-27,44.6577033996582,45.20468949345752,44.6577033996582,45.0288714701468,619347
2024-02-28,44.55025863647461,44.81398567143124,44.24746010165848,44.70654090984928,486081
2024-02-29,44.921424865722656,45.146080372977345,44.71630137991373,44.87258363391972,707505
2024-03-01,47.27543258666992,47.431714854474485,46.66006952703682,46.73820879790751,940075
2024-03-04,47.839664459228516,48.37983648649911,47.653060666982306,47.8298447844945,1444172
2024-03-05,50.45213317871094,50.45213317871094,49.69589088845368,49.69589088845368,1363908
2024-03-06,50.0887451171875,50.50123886687353,50.02981583300211,50.40302713976845,998988
2024-03-07,50.40303039550781,50.579814512945966,49.7057173470226,50.18696008607508,1126842
2024-03-08,49.8923225402832,50.62892180144842,49.8923225402832,50.62892180144842,1211596
2024-03-11,50.206600189208984,50.33427843231162,49.990533639193664,50.186957094382635,720447
2024-03-12,51.944976806640625,52.26908226434724,51.915514036499076,52.09229815042316,2291479
2024-03-13,50.4128532409668,50.687849088712966,50.31463776210214,50.36374362826575,765103
2024-03-14,51.00212860107422,51.35569681439436,50.776238630683515,50.982485506274514,876408
2024-03-15,49.94142532348633,50.854808650634176,49.94142532348633,50.707491055423546,22020501
2024-03-18,49.9610710144043,50.61910162945071,49.892322050426884,50.344102027003494,1310124
2024-03-19,51.542301177978516,51.70926561239524,51.188732960660545,51.23783882494642,1754142
2024-03-20,50.12803649902344,50.51106751956063,50.08875030549716,50.28517752659094,1233689
2024-03-21,51.620880126953125,51.9449818697125,51.404809800755025,51.571770509880636,1796652
2024-03-22,51.88605499267578,52.00390982824339,51.449002640476294,51.66016125024283,793925
2024-03-25,51.169090270996094,51.36551747623297,50.92355720108433,51.2378392308484,727853
2024-03-26,50.84498977661133,51.28695006227504,50.72713494928014,51.0806994312737,723057
2024-03-27,51.07088088989258,51.394986355416435,50.795885037839,50.89409677170457,715171
2024-03-28,52.750328063964844,52.99586115353445,52.57354393975172,52.69140252025222,1007186
2024-04-02,55.3431510925293,55.490472429452474,54.67530085914211,54.93065734360398,1242276
2024-04-03,55.588687896728516,55.677079955522544,55.235123408089905,55.28422927485603,884283
2024-04-04,55.6181526184082,56.17796772385112,55.6181526184082,55.74582711857072,676175
2024-04-05,55.67707824707031,56.364571600312814,55.67707824707031,56.079752336656476,994031
2024-04-08,59.33061218261719,59.6841804105964,58.25026814960284,58.92793808887139,1994780
2024-04-09,58.505615234375,59.04578719857697,58.40740351235174,59.04578719857697,754562
2024-04-10,58.927940368652344,59.12436758585536,58.505623162954,58.73151315144933,725396
2024-04-11,58.72168731689453,59.18328692038375,58.19133501003918,58.19133501003918,1035864
2024-04-12,59.193115234375,59.25204452218751,58.68240597961229,58.829727325874835,727629
2024-04-15,58.87883377075195,59.02615137192397,58.495802762552195,58.87883377075195,1282845
2024-04-16,58.31902313232422,58.46634074483425,58.08330970715526,58.436877971639795,1627738
2024-04-17,57.945804595947266,58.3091924909931,57.87705563598015,58.12258870630196,557684
2024-04-18,58.70204544067383,58.731508209487,58.279728270511356,58.44668895583561,446283
2024-04-19,59.01633071899414,60.19489024152445,58.44669218026514,58.50562146767976,1876457
2024-04-22,58.60382843017578,59.76274476257256,58.52525979988873,59.22257278478626,906470
2024-04-23,55.93243408203125,56.8752801714385,55.67707759123096,56.60028433199571,1326314
2024-04-24,56.66903305053711,56.993134753280614,56.487337230800534,56.69849581991271,669761
2024-04-26,64.52608489990234,65.05643720644495,63.83859533201803,64.86983717691881,2532497
2024-04-29,63.59307861328125,63.83861173534025,62.93505164450142,63.79932553664166,967402
2024-04-30,62.57164764404297,63.47520755752036,62.57164764404297,63.39664266862107,825313
2024-05-01,61.18684005737305,61.353804492524866,60.911844218931584,61.13773419287097,813158
2024-05-02,61.08863067626953,61.72701443240695,61.08863067626953,61.40291271700679,655265
2024-05-03,60.91184616088867,61.37344954430682,60.91184616088867,61.14755581662831,769248
2024-05-06,61.19666290283203,61.31451772583641,60.10649548706401,60.40113441784359,800255
2024-05-07,61.80558395385742,62.19843835985599,61.54040779178897,61.54040779178897,579388
2024-05-08,61.9921875,62.17879502808036,61.78594062357806,61.87433267726421,465596
2024-05-09,62.051116943359375,62.257363820308875,61.776121107426704,61.97254456364303,573248
2024-05-10,63.21985626220703,63.789487278166796,63.121637041765304,63.24931903110975,1044014
2024-05-13,62.86629104614258,63.347533778335645,62.827004854707965,63.1707496634173,337562
2024-05-14,62.885929107666016,62.99396425863036,62.61093326632938,62.699325321978634,473608
2024-05-15,62.75825500488281,63.327893533011604,62.75825500488281,63.1511094205949,411048
2024-05-16,63.49485778808594,63.76003022505641,63.37699920883508,63.406461980379,803566
2024-05-17,62.679683685302734,62.89575399225968,62.52254266566245,62.76807574300899,586442
2024-05-20,65.18412017822266,65.3117946733103,63.64217284430507,63.73056115019473,993851
2024-05-21,64.5751953125,65.12518697365155,64.32966225047528,64.97787313089624,1291461
2024-05-22,64.37877655029297,64.83055651816301,64.13324347038045,64.5457372462955,707263
2024-05-23,61.92344284057617,62.699328282742925,61.66809008249646,61.78594491341498,1215969
2024-05-24,61.393089294433594,61.510947869610526,61.13773654129183,61.13773654129183,850806
2024-05-27,62.21807861328125,62.45379200961648,61.884153487286454,62.11004720927066,412592
2024-05-28,62.41450881958008,63.02342981512408,62.41450881958008,62.53236365014464,752249
2024-05-29,62.267189025878906,62.75825517357026,62.21807941387986,62.21807941387986,441459
2024-05-30,60.90201950073242,61.756477260322946,60.862737057889966,61.658261786873744,776878
2024-05-31,61.334163665771484,62.119868766474745,61.334163665771484,61.854692592511626,3699686
2024-06-03,61.4735221862793,62.27238952826992,61.41434529483286,62.01596385656067,820459
2024-06-04,61.69049835205078,61.86802526916121,61.483384869515085,61.66091178662552,779947
2024-06-05,60.15193557739258,60.30973686037441,59.6538737495552,59.964543967284605,872855
2024-06-06,60.95079803466797,61.03956148436368,60.4576685946427,60.70423331465533,705880
2024-06-07,62.7260627746582,63.278372859857036,62.62743839233779,62.63729932565822,1015265
2024-06-11,60.64506149291992,61.35023675780082,60.531640063874,61.20722876564689,1288402
2024-06-12,60.3689079284668,60.6845104836526,60.29000917080995,60.46753607838688,368919
2024-06-13,60.270286560058594,60.86204044010602,60.16179747085137,60.487264738473044,514257
2024-06-14,60.01385498046875,60.15193439235201,59.5700414673929,59.915230591402846,563394
2024-06-17,60.26042175292969,60.7831415670351,60.25056081860139,60.65492684709082,524389
2024-06-18,61.562278747558594,61.69049345802893,60.822584572372925,60.901487090286714,637942
2024-06-19,61.877891540527344,62.33156977923084,61.85816590898204,61.91733904133844,303092
2024-06-20,62.50909423828125,62.62744426061111,61.670771860889694,61.84829877552417,477626
2024-06-21,63.791229248046875,63.978620856585025,63.46576198834125,63.56438637852393,2035377
2024-06-24,62.32169723510742,63.04166576559873,62.163895964893975,62.99235357408435,408193
2024-06-25,63.02194595336914,63.100844709908486,62.70634340265341,62.874005611724,476763
2024-06-26,61.0001106262207,62.29211112197962,61.0001106262207,61.95678295007237,465137
2024-06-27,61.562278747558594,61.66583924289022,61.1480518153486,61.1480518153486,910283
2024-06-28,62.59785842895508,62.60771936331501,62.075138613172214,62.08500330981157,762643
2024-07-01,61.64118576049805,62.01596522336011,61.443933213608574,61.93706269969256,215478
2024-07-02,61.4735221862793,61.76939911895283,61.28613057783858,61.522834381345,369551
2024-07-03,61.80884552001953,61.80884552001953,61.46365639841025,61.64118330731767,113997
2024-07-04,63.80109405517578,63.97862096763621,63.65315370736565,63.672875575612956,334673
2024-07-05,64.1068344116211,64.1068344116211,63.613704916147086,63.83068309808508,234706
2024-07-08,64.70845031738281,65.25089574975588,64.6196830991042,64.77748814290678,345757
2024-07-09,64.62954711914062,64.82680342182958,64.41256894846205,64.60982525115101,303084
2024-07-10,64.22518920898438,64.53585567931653,63.9588950634893,64.11670011630994,161120
2024-07-11,66.65137481689453,66.8486235768583,66.12865883088845,66.12865883088845,570811
2024-07-12,68.54499053955078,69.03811996789287,68.4167795970227,69.03811996789287,708571
2024-07-15,69.03812408447266,69.11702660360606,68.62389714585983,68.79155935559953,464620
2024-07-16,69.31427001953125,69.72849692612817,69.07757000498411,69.55097003407838,430329
2024-07-17,70.55696105957031,71.10926362358353,70.2808097775637,70.80352577915595,502288
2024-07-18,71.2473373413086,71.2473373413086,70.67531292597553,70.68517009681105,343026
2024-07-19,69.2551040649414,69.51646208243227,69.0479905902067,69.0479905902067,224137
2024-07-22,69.48194122314453,69.71864879293348,68.92963860942119,68.95922517450512,331530
2024-07-23,69.83699035644531,70.09834836318763,69.74823066716299,70.03424665133647,300506
2024-07-24,70.41889190673828,70.81339699933534,69.49180606781901,69.60029515639717,717872
2024-07-25,71.30652618408203,72.26319105956652,71.04023204976136,71.28679679102781,1111643
2024-07-26,70.22162628173828,70.22162628173828,68.6337489500066,69.02825399026402,721225
2024-07-29,70.71476745605469,71.82924494438673,70.62600775763481,71.64185332608828,592155
2024-07-30,71.2473373413086,71.2473373413086,70.33011630822755,70.37943226063666,320362
2024-07-31,72.63797760009766,72.63797760009766,71.25721348102073,71.49391353657248,492740
2024-08-01,74.05818176269531,74.41323559058642,73.57491697872747,73.91024893820628,511554
2024-08-02,75.1529312133789,75.18252530338756,73.77217466199603,73.95955875136436,1152992
2024-08-05,73.66368103027344,73.959554191087,72.20401452009469,72.67742211177813,445876
2024-08-06,71.14871978759766,71.83909804021798,70.65559031442353,71.8095114757569,449958
2024-08-07,71.85882568359375,72.20401480150076,71.32624496258362,71.38541809006526,468192
2024-08-08,70.24136352539062,70.24136352539062,68.86059949239626,69.66933152929089,605490
2024-08-09,71.37556457519531,71.88841593028006,71.18817296249185,71.5037755328268,361438
2024-08-12,71.6023941040039,71.75033444281827,71.01064027330467,71.6023941040039,280314
2024-08-13,72.63797760009766,73.4861609507638,72.57879694279039,72.76618856257171,559305
2024-08-14,72.67742156982422,73.08178381062162,72.56893248763407,73.08178381062162,512404
2024-08-15,73.36780548095703,73.45657270260605,73.08178947162405,73.08178947162405,627556
2024-08-16,73.10151672363281,73.851068114521,72.77604946138577,73.78203028839816,671383
2024-08-19,73.87079620361328,74.35406097794333,73.56505081512978,73.96942059282533,758544
2024-08-20,74.72882843017578,75.00498722391336,74.64993344223707,74.95567127246365,480630
2024-08-21,75.71509552001953,75.71509552001953,74.72883657992803,74.72883657992803,519255
2024-08-22,75.71509552001953,76.21808968634261,75.4981248738286,75.89262243021835,204225
2024-08-23,75.93207550048828,76.10960241491816,75.51784854167147,75.59675106465336,665293
2024-08-26,75.5277099609375,75.89262094591697,75.44880744137929,75.78413186266405,262994
2024-08-27,75.68550872802734,75.77427594513895,75.35018430119325,75.5178465146103,250308
2024-08-28,75.50798034667969,76.39561487770271,75.50798034667969,76.06029045740424,437117
2024-08-29,75.29100036621094,75.6164676071683,74.88663813238729,75.05430033849568,331526
2024-08-30,77.19448852539062,77.72706928769054,77.06627756438766,77.37201544615726,1063315
2024-09-02,76.44493103027344,77.62843872497952,76.44493103027344,77.26352021557524,1061146
2024-09-03,77.302978515625,77.33257260656255,76.30686233294125,76.30686233294125,310008
2024-09-04,76.07609558105469,76.64995791798746,75.9870518815143,76.58069919102213,516722
2024-09-05,76.00684356689453,76.07610229997668,75.60118742988071,75.90790359801085,249055
2024-09-06,76.39270782470703,76.64995775946124,75.94747423065576,76.38281156412242,523287
2024-09-09,74.41387939453125,75.13615545385478,74.17642197787269,74.76017303312396,443132
2024-09-10,75.37361145019531,75.92768126150294,75.26477523031203,75.40329268313893,425788
2024-09-11,76.02662658691406,76.65985897849072,75.78916915797005,76.18493657196711,1005886
2024-09-12,74.96794128417969,75.55169982630065,74.63154394189272,75.48244110591013,520171
2024-09-13,77.86693572998047,78.16376316652264,77.52064208643812,77.89662451254291,830098
2024-09-16,78.79698944091797,79.2125418208429,78.60899822439389,79.15317935189232,691622
2024-09-17,77.38212585449219,78.51005805339862,77.38212585449219,78.24291939518832,913670
2024-09-18,78.01535034179688,78.1439790884682,77.70863418952288,77.70863418952288,352674
2024-09-19,78.16376495361328,78.16376495361328,77.68884255401451,78.06482498871554,625116
2024-09-20,77.79768371582031,77.79768371582031,77.25351010004027,77.71853626806194,3023502
2024-09-23,79.0047607421875,79.0443382352507,78.52984592269898,78.63868214146405,373022
2024-09-24,78.5892105102539,79.37084903493142,78.5892105102539,78.88603794192619,572349
2024-09-25,79.48957824707031,80.32069057130467,79.45000829944371,79.74682819845661,832332
2024-09-26,79.78640747070312,80.23164110345081,79.57863127217848,80.12281242210186,629985
2024-09-27,79.27191162109375,79.8952401892722,79.27191162109375,79.6478865044757,380456
2024-09-30,77.09519958496094,77.57012201147346,76.63017342008965,77.57012201147346,683947
2024-10-01,76.38282012939453,76.90721631829132,76.09589647798214,76.35313889294744,648749
2024-10-02,77.38212585449219,78.34185935939082,77.35244462009497,77.76799699892673,723686
2024-10-03,77.41180419921875,77.9658815656136,77.31286423870954,77.69873536874007,757760
2024-10-04,77.1545639038086,77.1545639038086,76.21461538189479,76.44218409100854,298094
2024-10-07,77.3524398803711,77.8273622475321,77.07540497812506,77.17434493626509,246914
2024-10-08,77.28318786621094,77.6195852628273,76.95667918222287,77.07541167148278,292223
2024-10-09,77.95599365234375,79.12350342809142,77.1248812880752,77.30297625551589,1244354
2024-10-10,77.22382354736328,77.93619581996366,77.03583233102734,77.69873839576354,278785
2024-10-11,78.8563461303711,78.9849748685172,78.0747151843572,78.0747151843572,285940
2024-10-14,79.62810516357422,79.65778639932213,78.87614781387205,79.17296771998699,305442
2024-10-15,80.27120971679688,80.71645084890444,80.19206227990577,80.20195099162035,330084
2024-10-16,82.33909606933594,82.94263966608364,81.96311363610171,81.96311363610171,724025
2024-10-17,82.87338256835938,83.60554737852972,82.6359175904915,83.4274524194466,539594
2024-10-18,83.55606842041016,83.82321461672531,82.92284361611253,83.30871474533656,1041934
2024-10-21,85.80204772949219,85.87130645956383,84.5355980661047,84.59496053512741,695969
2024-10-22,85.53490447998047,86.07908562696151,85.03030837856426,85.18861081764511,373660
2024-10-23,86.42537689208984,86.64304934484461,85.8812033088384,86.48474691015463,607782
2024-10-24,81.00338745117188,82.35888081334092,78.89592922462928,82.07194963301141,1041338
2024-10-25,69.99120330810547,72.9198703136107,69.99120330810547,72.60325786838408,2624022
2024-10-28,71.83151245117188,72.80114226956448,71.35659757784,71.74246874316057,2310507
2024-10-29,73.2265853881836,73.8993876983266,72.36579186606915,72.42515433358213,1204000
2024-10-30,72.03929138183594,72.47463632275117,71.54458396666358,72.4251625617795,699619
2024-10-31,70.20886993408203,71.03998225150231,70.20886993408203,71.03998225150231,452448
2024-11-01,68.41802978515625,68.5466509819759,68.05194361917452,68.368556029422,477713
2024-11-04,68.23004150390625,69.02157633785868,68.15088651078389,68.66538641744364,439429
2024-11-05,68.00247955322266,68.67528188976199,67.87385080371767,68.1508857278276,278133
2024-11-06,68.62580108642578,69.01167219805099,68.23003371463115,68.66537857846872,511896
2024-11-07,65.70703887939453,66.98337729728334,65.63777259840337,66.98337729728334,998318
2024-11-08,66.49856567382812,67.11200554770345,66.49856567382812,66.7558156272127,315245
2024-11-11,66.52824401855469,67.577028760492,66.52824401855469,67.03284764209833,669885
2024-11-12,63.48085403442383,63.79746645273317,62.214400586868734,62.362810534897505,761625
2024-11-13,62.86741256713867,63.10486998765224,61.690006628173585,61.70979537560265,775416
2024-11-14,62.09566879272461,62.827837377190114,61.937362581802034,62.5705911998101,1016067
2024-11-15,62.461753845214844,62.53101257534908,62.204503898158215,62.22429264595624,813377
2024-11-18,63.31264877319336,63.6292574032282,62.34301903875679,62.34301903875679,405290
2024-11-19,64.57909393310547,65.1925337625766,64.13386033903832,64.18333409332804,572695
2024-11-20,65.19254302978516,65.98407791912793,65.19254302978516,65.77630170911858,711556
2024-11-21,65.08370208740234,65.77629695265286,65.08370208740234,65.30137454366292,322994
2024-11-22,65.97416687011719,66.19183929333057,65.6872357257572,65.94448563943071,194608
2024-11-25,64.06461334228516,66.2907968174997,64.06461334228516,66.2907968174997,1064975
2024-11-26,63.96527862548828,64.60095779177765,63.53818097521011,63.53818097521011,704985
2024-11-27,64.59102630615234,64.89893128597447,64.23345581053592,64.37251016128744,215397
2024-11-28,63.707035064697266,64.28312170860441,63.677238786201,64.28312170860441,228359
2024-11-29,64.65061950683594,64.65061950683594,63.69710070165784,64.06460581967293,282248
2024-12-02,62.52507019042969,63.9354867531261,62.52507019042969,63.9354867531261,404750
2024-12-03,62.43567657470703,62.9521668719452,62.386014847634435,62.72371989625375,396299
2024-12-04,64.15399169921875,64.51156218191994,63.33456376346639,63.359396520466596,589923
2024-12-05,63.955345153808594,64.32285025692738,63.8162908073082,63.8162908073082,398217
2024-12-06,63.5977783203125,63.70703639567732,62.743582955402445,63.06142635143964,414431
2024-12-09,63.617645263671875,63.97521575598776,63.369329053833084,63.71696871644991,413278
2024-12-10,65.1671142578125,65.33596489028041,64.61089684361517,64.65062016357733,562484
2024-12-11,64.9783935546875,65.01812445203439,64.28312179585164,64.57116511819616,471076
2024-12-12,65.20684051513672,66.31927526436347,65.20684051513672,65.72332699472152,705630
2024-12-13,64.78968048095703,64.95853110921848,64.11427039001751,64.59102599662556,421460
2024-12-16,62.475406646728516,63.35939825936384,62.207228777342486,63.140882116394444,612426
2024-12-17,62.13770294189453,62.42574247689818,61.95891769178362,62.30655357313988,449842
2024-12-18,62.03837585449219,62.435677253284794,62.028445024548496,62.316488349225786,544098
2024-12-19,59.803565979003906,60.091609313158074,59.485726365091395,60.091609313158074,1077677
2024-12-20,58.820247650146484,59.10828717964731,58.52226971302302,59.10828717964731,1845298
2024-12-23,60.776947021484375,60.886205093354135,60.22072962134283,60.38958024954383,411752
2024-12-24,61.05506134033203,61.05506134033203,60.488909304536364,60.488909304536364,102203
2024-12-27,60.78688430786133,61.2537091050462,60.588233603829856,61.03519674066391,130377
2024-12-30,60.38957977294922,60.78688116044071,60.32005259848023,60.57829963703375,231911
2024-12-31,59.13808822631836,59.21754623230643,58.810314005631895,59.14801905621177,194421
2025-01-02,59.843292236328125,60.15120099608775,59.52545264706835,59.69430327119839,114156
2025-01-03,61.74039840698242,61.82979102749571,61.19411185448868,61.19411185448868,251558
2025-01-06,60.48890686035156,60.97559708039583,60.48890686035156,60.97559708039583,173116
2025-01-07,60.250526428222656,60.31012277402374,59.95751958649786,60.09160662836667,198175
2025-01-08,60.737220764160156,61.283507342212474,60.54850089594336,60.737220764160156,341703
2025-01-09,62.2966194152832,62.842905966351495,62.20722679500317,62.22709224272615,243314
2025-01-10,63.28987121582031,63.339532942339915,62.674053682347285,62.87270437737256,199394
2025-01-13,63.349464416503906,63.3891953137025,62.862774187135216,62.93230136275931,261818
2025-01-14,63.66730499267578,63.965282937288514,63.07135668134422,63.36933083701,438334
2025-01-15,64.49170684814453,64.76981556687825,64.20366351005768,64.29305992844738,209105
2025-01-16,66.39874267578125,66.64705510731214,65.65380538118858,65.70347089865237,362828
2025-01-17,66.44841003417969,66.77618427157591,66.37888285454056,66.39874451533993,755979
2025-01-20,66.68678283691406,66.85563346363713,66.14049248234686,66.5477284880958,293737
2025-01-21,67.17347717285156,67.37213166754277,65.85246077815212,66.39874358829115,440700
2025-01-22,67.24299621582031,67.32245800408275,66.89536036453866,67.30259634596375,515492
2025-01-23,65.99150848388672,66.4285331723693,65.81272324563231,66.4285331723693,283805
2025-01-24,66.20008850097656,66.34907745913299,65.81272175650577,66.18021926501267,445582
2025-01-28,65.73326873779297,65.7928612978484,65.24657848225382,65.37569822167198,466605
2025-01-29,66.16036224365234,66.48813645898922,65.79285713149642,66.2000931404714,438488
2025-01-30,66.20008850097656,66.61725152150001,66.11069209492543,66.34907745913299,169782
2025-01-31,68.73287963867188,68.99112669536889,68.53423271991676,68.54416733922277,404140
2025-02-03,68.09719848632812,68.73287770190528,68.04754054698572,68.17666028274877,259959
2025-02-04,68.67327880859375,68.98118376895276,68.4944935720868,68.98118376895276,180334
2025-02-05,69.52748107910156,69.52748107910156,68.68322032443415,68.85207095978882,462537
2025-02-06,71.01734924316406,71.1762728229152,70.86836028162071,70.90809117655849,1145593
2025-02-07,70.74917602539062,71.27559712833259,70.55052154831307,70.71937217040889,227759
2025-02-10,71.23587036132812,71.43451727202462,70.81870730212914,70.96768869620456,281711
2025-02-11,73.49053955078125,73.99709899456765,73.30182727007139,73.30182727007139,924525
2025-02-12,71.65303039550781,72.3085788133396,71.62323411795066,72.16952446614381,202507
2025-02-13,73.93751525878906,74.3149474431177,73.36142857384455,74.05670038126424,369777
2025-02-14,75.08967590332031,75.2386648740953,74.71224374486498,75.2386648740953,786052
2025-02-17,72.99391174316406,73.84810701430064,72.99391174316406,73.29188965742776,384341
2025-02-18,73.35148620605469,73.46074427537864,72.77539958196351,73.0634428940091,207871
2025-02-19,73.67926025390625,74.48379005545836,73.67926025390625,74.16595046663215,262446
2025-02-20,74.39440155029297,74.87115714668141,73.85804582093579,74.17588541115927,242304
2025-02-21,72.61648559570312,76.4802262917428,72.44763496674054,75.58630005327353,792025
2025-02-24,70.57039642333984,70.78890499874316,69.64667387033344,70.17309501533495,818401
2025-02-25,68.61369323730469,69.02092168651649,68.43490798260598,68.75274759341545,493062
2025-02-26,67.21320343017578,68.05746413510157,67.05428742329137,67.32246150023727,481021
2025-02-27,68.49449920654297,68.92159688567139,68.117067044155,68.43490664876958,280268
2025-02-28,66.37887573242188,67.07414745421391,66.37887573242188,66.7960387654971,661992
2025-03-03,68.27313995361328,68.69186939816669,68.13355586574771,68.2332598722728,402276
2025-03-04,67.63507080078125,68.06377219604765,67.26619333471713,67.79459113685633,250787
2025-03-05,68.06376647949219,68.5622560783371,67.50546056281712,67.9939782399078,308353
2025-03-06,69.04080963134766,69.16044987368714,68.52238379390523,68.83144491201432,301160
2025-03-07,69.0208740234375,69.13053473864728,68.66196089949429,68.8912618581344,275621
2025-03-10,69.41966247558594,69.78854753656451,69.15048142473805,69.28008598902065,333692
2025-03-11,67.5951919555664,67.5951919555664,66.1894476501336,67.3559114739943,482930
2025-03-12,68.61211395263672,68.93114701894665,68.14353247260533,68.34293289301671,552052
2025-03-13,69.25017547607422,69.49942028023789,68.92117050905469,69.41966011738205,451460
2025-03-14,73.20818328857422,73.20818328857422,71.83235472468913,71.83235472468913,554754
2025-03-17,72.78945922851562,73.19821677726169,72.48039047996804,72.80939546728567,305934
2025-03-18,74.57405090332031,74.81332379341703,73.92601286989151,74.11543375497523,389198
2025-03-19,75.35169219970703,75.57102884781982,74.63386593546443,74.7136260995687,411672
2025-03-20,75.43144989013672,75.98975580786188,75.04262100446651,75.3716259658464,460068
2025-03-21,74.89308166503906,76.04957360370831,74.8731378211055,75.2519947923652,1566541
2025-03-24,74.99278259277344,75.34172381919743,74.79338217313955,75.072542760627,226601
2025-03-25,74.08552551269531,74.55410697644712,73.82631638468845,74.5042625778372,199993
2025-03-26,74.91301727294922,75.76044808065544,74.91301727294922,75.03265751650157,468116
2025-03-27,75.43144989013672,75.53612844653635,74.9578786852652,74.97283276475088,180343
2025-03-28,77.58492279052734,77.58492279052734,76.14927027609916,76.1692141201039,535167
2025-03-31,76.87706756591797,77.2160368465987,76.1293331576952,76.62782276317704,401736
2025-04-01,77.69459533691406,77.95381207863167,76.78734054407657,76.78734054407657,556476
2025-04-02,76.07948303222656,77.2559188344517,76.07948303222656,77.2559188344517,442881
2025-04-03,77.83416748046875,78.76135846026759,76.9468565822723,77.06649682707943,655377
2025-04-04,75.91996765136719,76.67767397364453,75.8601437270113,76.16921245153166,661912
2025-04-07,73.24806213378906,73.24806213378906,67.90425307946792,70.78552232327365,1085726
2025-04-08,75.25199890136719,75.41151162980661,73.68674174641761,74.47434867879983,571557
2025-04-09,75.83023834228516,75.83023834228516,74.3746495688331,74.43447349537766,629963
2025-04-10,78.84111785888672,79.60878850483131,78.28280432821563,78.82117401510503,1013228
2025-04-11,83.05833435058594,83.05833435058594,80.75531484280388,80.75531484280388,792535
2025-04-14,86.7770767211914,87.56469125859311,84.63356976577512,85.37133229705275,993354
2025-04-15,86.00939178466797,86.72721802190675,85.7202745117751,86.69730986307974,497454
2025-04-16,87.68431854248047,87.98341534824306,86.18884972636302,86.2785818106309,495264
2025-04-17,87.76408386230469,88.66136672597338,86.96650501064778,88.43205814723375,483267
2025-04-22,88.30245208740234,88.35230409256529,86.2486772613365,86.38825374817506,563205
2025-04-23,82.10124206542969,85.5657435370414,81.86196916836072,85.55078945637135,1023351
2025-04-24,84.942626953125,86.12903466526477,83.51694635669034,84.24474453795328,826633
2025-04-28,83.86589813232422,84.54882649174166,83.13809992535928,84.29459951859712,341362
2025-04-29,83.2677001953125,84.16498300475129,82.69942235039257,83.74625356246243,405398
2025-04-30,81.82208251953125,83.23779115592782,81.37344492272946,83.22782684051278,594792
2025-05-01,81.1740493774414,81.81211549418408,80.25683028541732,81.28371770435169,988738
2025-05-02,80.90486907958984,80.92480531814681,80.07737446203417,80.25683103443964,1327965
2025-05-05,81.07434844970703,81.41332533388567,79.41936692872186,80.33658596957376,469332
2025-05-06,82.8988265991211,83.43719630974263,81.75229893426123,81.75229893426123,418024
2025-05-07,83.09822082519531,83.54686606154064,82.23085372635445,83.54686606154064,431862
2025-05-08,83.64656066894531,84.95260105354869,83.56680050335248,83.6964050676798,425708
2025-05-09,83.2677001953125,83.2677001953125,81.96165986545299,82.8290345156351,375880
2025-05-12,80.60576629638672,83.24776268119105,80.17706493880452,83.24776268119105,471125
2025-05-13,79.15018463134766,79.40940137458232,76.70758843169467,78.49218226018064,1315557
2025-05-14,77.59489440917969,78.33265690116647,76.9967083992891,77.42540976754113,1117488
2025-05-15,74.50426483154297,75.65078491677698,74.02571143105403,75.65078491677698,588930
2025-05-16,77.1861343383789,77.93386880134618,76.83719311026383,77.5151393276081,399780
2025-05-19,79.15018463134766,80.64565355513885,78.78129955852711,78.78129955852711,422477
2025-05-20,78.07344055175781,79.16015186058327,77.15622149173761,78.81121065365687,425306
2025-05-21,80.88492584228516,81.2538109123197,80.45622444978218,80.85501768105094,383713
2025-05-22,82.72933959960938,83.44715825368556,81.00456219018228,81.00456219018228,631598
2025-05-23,82.51000213623047,82.62963477421881,81.5828111600819,81.74232387951562,244972
2025-05-26,82.69999694824219,83.3499984741211,82.2300033569336,82.5,259169
2025-05-27,81.37999725341797,82.5999984741211,81.29000091552734,82.48999786376953,229965
2025-05-28,82.04000091552734,82.04000091552734,81.30000305175781,81.5,325440
2025-05-29,81.56999969482422,81.56999969482422,80.26000213623047,80.76000213623047,262658
2025-05-30,80.6500015258789,81.5,80.6500015258789,81.26000213623047,726057
2025-06-02,81.62000274658203,81.97000122070312,81.1500015258789,81.5,304211
2025-06-03,85.0999984741211,85.66999816894531,84.58000183105469,85.05000305175781,549202
2025-06-04,85.18000030517578,86.0,85.0,85.31999969482422,328789
2025-06-05,85.04000091552734,85.44999694824219,84.76000213623047,85.16999816894531,211691
2025-06-06,84.5999984741211,84.88999938964844,83.87000274658203,84.5,302988
2025-06-10,81.62000274658203,82.0,81.12000274658203,82.0,416747
2025-06-11,80.80000305175781,81.12000274658203,80.69999694824219,81.0,206156
2025-06-12,83.20999908447266,83.63999938964844,81.97000122070312,82.30000305175781,457602
2025-06-13,88.06999969482422,88.3499984741211,85.72000122070312,85.72000122070312,1092920
2025-06-16,87.12000274658203,89.98999786376953,86.6500015258789,89.3499984741211,1977662
2025-06-17,89.29000091552734,91.0,88.86000061035156,90.01000213623047,876373
2025-06-18,89.8499984741211,90.5,89.7699966430664,89.98999786376953,392739
2025-06-19,89.0,90.1500015258789,89.0,90.1500015258789,398240
2025-06-20,89.30000305175781,89.87000274658203,88.5999984741211,88.5999984741211,732454
2025-06-23,90.37000274658203,91.2699966430664,90.2699966430664,90.36000061035156,639322
2025-06-24,89.97000122070312,90.73999786376953,89.04000091552734,90.0,920356
2025-06-25,89.01000213623047,89.80000305175781,88.47000122070312,89.25,847012
2025-06-26,88.69000244140625,89.87999725341797,88.55000305175781,89.5,483926
2025-06-27,88.44999694824219,90.19999694824219,87.54000091552734,89.75,826273
2025-06-30,87.30999755859375,87.63999938964844,86.01000213623047,86.91999816894531,1099025
2025-07-01,89.02999877929688,89.08000183105469,88.05000305175781,88.05000305175781,524165
2025-07-02,89.37000274658203,89.4000015258789,88.5999984741211,88.80000305175781,391364
2025-07-03,90.58000183105469,91.38999938964844,90.08999633789062,90.93000030517578,466161
2025-07-04,90.9800033569336,91.76000213623047,90.86000061035156,91.01000213623047,450737
2025-07-07,90.27999877929688,91.26000213623047,90.0,90.9800033569336,536039
2025-07-08,92.47000122070312,92.58000183105469,91.80000305175781,91.8499984741211,359823
2025-07-09,87.45999908447266,88.48999786376953,87.37000274658203,88.38999938964844,543835
2025-07-10,90.29000091552734,90.58999633789062,89.47000122070312,89.80000305175781,284928
2025-07-11,90.51000213623047,90.77999877929688,90.12000274658203,90.4000015258789,581127
2025-07-14,92.01000213623047,92.01000213623047,91.33499908447266,91.4800033569336,322521
2025-07-15,93.02999877929688,93.19999694824219,91.9800033569336,92.41000366210938,531712
2025-07-16,87.69999694824219,89.2300033569336,87.53500366210938,88.4000015258789,931303
2025-07-17,89.12000274658203,89.45999908447266,88.94999694824219,89.18000030517578,524375
2025-07-18,89.04000091552734,89.52999877929688,89.04000091552734,89.19999694824219,432841
2025-07-21,89.45999908447266,89.5,88.57499694824219,89.0,559438
2025-07-22,92.0,92.05999755859375,91.27999877929688,91.27999877929688,558565
2025-07-23,93.69999694824219,94.19999694824219,93.36000061035156,93.88999938964844,476141
2025-07-24,91.87999725341797,93.23999786376953,91.5999984741211,93.05000305175781,386136
2025-07-25,95.37999725341797,97.30000305175781,94.5,97.0,565146
2025-07-28,99.66000366210938,100.0,99.06999969482422,99.48999786376953,750631
2025-07-29,98.31999969482422,98.31999969482422,97.27999877929688,97.66000366210938,392323
2025-07-30,98.30000305175781,98.6500015258789,97.61000061035156,97.86000061035156,264821
2025-07-31,96.7300033569336,97.06999969482422,96.38999938964844,96.6500015258789,566282
2025-08-01,96.29000091552734,96.7300033569336,95.04499816894531,96.05000305175781,365715
2025-08-04,97.13999938964844,97.41999816894531,96.33999633789062,96.33999633789062,486864
2025-08-05,101.13999938964844,101.44999694824219,100.22000122070312,100.62999725341797,473062
2025-08-06,103.33999633789062,103.88999938964844,102.81999969482422,103.0,452304
2025-08-07,104.36000061035156,104.9000015258789,103.97000122070312,103.9800033569336,333976
2025-08-08,106.68000030517578,107.22000122070312,105.5,105.5,598726
2025-08-11,105.54000091552734,105.79000091552734,105.13999938964844,105.20999908447266,306832
